<?xml version="1.0" encoding="utf-8" ?>
<dwsync>
<file name="array_helper.php" server="ftp.megaecuador.com" local="132479382071062640" remote="132483670200000000" Dst="0" />
<file name="captcha_helper.php" server="ftp.megaecuador.com" local="132479382071162627" remote="132483670200000000" Dst="0" />
<file name="cookie_helper.php" server="ftp.megaecuador.com" local="132479382071252384" remote="132483670200000000" Dst="0" />
<file name="date_helper.php" server="ftp.megaecuador.com" local="132479382071342161" remote="132483670200000000" Dst="0" />
<file name="directory_helper.php" server="ftp.megaecuador.com" local="132479382071431991" remote="132483670200000000" Dst="0" />
<file name="download_helper.php" server="ftp.megaecuador.com" local="132479382071521660" remote="132483670200000000" Dst="0" />
<file name="email_helper.php" server="ftp.megaecuador.com" local="132479382071611179" remote="132483670200000000" Dst="0" />
<file name="file_helper.php" server="ftp.megaecuador.com" local="132479382071700938" remote="132483670200000000" Dst="0" />
<file name="form_helper.php" server="ftp.megaecuador.com" local="132479382071800666" remote="132483670200000000" Dst="0" />
<file name="html_helper.php" server="ftp.megaecuador.com" local="132479382071890425" remote="132483670200000000" Dst="0" />
<file name="index.html" server="ftp.megaecuador.com" local="132479382071980190" remote="132483670200000000" Dst="0" />
<file name="inflector_helper.php" server="ftp.megaecuador.com" local="132479382072070274" remote="132483670200000000" Dst="0" />
<file name="language_helper.php" server="ftp.megaecuador.com" local="132479382072159706" remote="132483670200000000" Dst="0" />
<file name="number_helper.php" server="ftp.megaecuador.com" local="132479382072249475" remote="132483670200000000" Dst="0" />
<file name="path_helper.php" server="ftp.megaecuador.com" local="132479382072339552" remote="132483670200000000" Dst="0" />
<file name="security_helper.php" server="ftp.megaecuador.com" local="132479382072429054" remote="132483670200000000" Dst="0" />
<file name="smiley_helper.php" server="ftp.megaecuador.com" local="132479382072528720" remote="132483670200000000" Dst="0" />
<file name="string_helper.php" server="ftp.megaecuador.com" local="132479382072618483" remote="132483670200000000" Dst="0" />
<file name="text_helper.php" server="ftp.megaecuador.com" local="132479382072708250" remote="132483670800000000" Dst="0" />
<file name="typography_helper.php" server="ftp.megaecuador.com" local="132479382072798008" remote="132483670800000000" Dst="0" />
<file name="url_helper.php" server="ftp.megaecuador.com" local="132479382072887761" remote="132483670800000000" Dst="0" />
<file name="xml_helper.php" server="ftp.megaecuador.com" local="132479382072977519" remote="132483670800000000" Dst="0" />
</dwsync>