<?xml version="1.0" encoding="utf-8" ?>
<dwsync>
<file name="Calendar.php" server="ftp.megaecuador.com" local="132479382074559829" remote="132483670800000000" Dst="0" />
<file name="Cart.php" server="ftp.megaecuador.com" local="132479382074659821" remote="132483670800000000" Dst="0" />
<file name="Driver.php" server="ftp.megaecuador.com" local="132479382074749565" remote="132483670800000000" Dst="0" />
<file name="Email.php" server="ftp.megaecuador.com" local="132479382074839089" remote="132483670800000000" Dst="0" />
<file name="Encrypt.php" server="ftp.megaecuador.com" local="132479382074928849" remote="132483670800000000" Dst="0" />
<file name="Encryption.php" server="ftp.megaecuador.com" local="132479382075018601" remote="132483670800000000" Dst="0" />
<file name="Form_validation.php" server="ftp.megaecuador.com" local="132479382075118358" remote="132483670800000000" Dst="0" />
<file name="Ftp.php" server="ftp.megaecuador.com" local="132479382075208345" remote="132483670800000000" Dst="0" />
<file name="Image_lib.php" server="ftp.megaecuador.com" local="132479382075297867" remote="132483670800000000" Dst="0" />
<file name="index.html" server="ftp.megaecuador.com" local="132479382076664494" remote="132483670800000000" Dst="0" />
<file name="Javascript.php" server="ftp.megaecuador.com" local="132479382075387860" remote="132483670800000000" Dst="0" />
<file name="Migration.php" server="ftp.megaecuador.com" local="132479382075477627" remote="132483670800000000" Dst="0" />
<file name="Pagination.php" server="ftp.megaecuador.com" local="132479382075567135" remote="132483670800000000" Dst="0" />
<file name="Parser.php" server="ftp.megaecuador.com" local="132479382075656903" remote="132483670800000000" Dst="0" />
<file name="Profiler.php" server="ftp.megaecuador.com" local="132479382075746663" remote="132483670800000000" Dst="0" />
<file name="Table.php" server="ftp.megaecuador.com" local="132479382075836422" remote="132483670800000000" Dst="0" />
<file name="Trackback.php" server="ftp.megaecuador.com" local="132479382075926188" remote="132483670800000000" Dst="0" />
<file name="Typography.php" server="ftp.megaecuador.com" local="132479382076016265" remote="132483670800000000" Dst="0" />
<file name="Unit_test.php" server="ftp.megaecuador.com" local="132479382076105705" remote="132483670800000000" Dst="0" />
<file name="Upload.php" server="ftp.megaecuador.com" local="132479382076205778" remote="132483670800000000" Dst="0" />
<file name="User_agent.php" server="ftp.megaecuador.com" local="132479382076295204" remote="132483670800000000" Dst="0" />
<file name="Xmlrpc.php" server="ftp.megaecuador.com" local="132479382076384952" remote="132483670800000000" Dst="0" />
<file name="Xmlrpcs.php" server="ftp.megaecuador.com" local="132479382076474712" remote="132483670800000000" Dst="0" />
<file name="Zip.php" server="ftp.megaecuador.com" local="132479382076574454" remote="132483670800000000" Dst="0" />
</dwsync>