<?xml version="1.0" encoding="utf-8" ?>
<dwsync>
<file name="DB.php" server="ftp.megaecuador.com" local="132479382060790410" remote="132483670200000000" Dst="0" />
<file name="DB_cache.php" server="ftp.megaecuador.com" local="132479382060880169" remote="132483670200000000" Dst="0" />
<file name="DB_driver.php" server="ftp.megaecuador.com" local="132479382060969934" remote="132483670200000000" Dst="0" />
<file name="DB_forge.php" server="ftp.megaecuador.com" local="132479382061069983" remote="132483670200000000" Dst="0" />
<file name="DB_query_builder.php" server="ftp.megaecuador.com" local="132479382061159556" remote="132483670200000000" Dst="0" />
<file name="DB_result.php" server="ftp.megaecuador.com" local="132479382061249177" remote="132483670200000000" Dst="0" />
<file name="DB_utility.php" server="ftp.megaecuador.com" local="132479382061349259" remote="132483670200000000" Dst="0" />
<file name="index.html" server="ftp.megaecuador.com" local="132479382061438673" remote="132483670200000000" Dst="0" />
</dwsync>