<?xml version="1.0" encoding="utf-8" ?>
<dwsync>
<file name="Benchmark.php" server="ftp.megaecuador.com" local="132479382058605268" remote="132483670200000000" Dst="0" />
<file name="CodeIgniter.php" server="ftp.megaecuador.com" local="132479382058705004" remote="132483670200000000" Dst="0" />
<file name="Common.php" server="ftp.megaecuador.com" local="132479382058794762" remote="132483670200000000" Dst="0" />
<file name="Config.php" server="ftp.megaecuador.com" local="132479382058894734" remote="132483670200000000" Dst="0" />
<file name="Controller.php" server="ftp.megaecuador.com" local="132479382058984268" remote="132483670200000000" Dst="0" />
<file name="Exceptions.php" server="ftp.megaecuador.com" local="132479382059074387" remote="132483670200000000" Dst="0" />
<file name="Hooks.php" server="ftp.megaecuador.com" local="132479382059163776" remote="132483670200000000" Dst="0" />
<file name="index.html" server="ftp.megaecuador.com" local="132479382060182293" remote="132483670200000000" Dst="0" />
<file name="Input.php" server="ftp.megaecuador.com" local="132479382059263511" remote="132483670200000000" Dst="0" />
<file name="Lang.php" server="ftp.megaecuador.com" local="132479382059353264" remote="132483670200000000" Dst="0" />
<file name="Loader.php" server="ftp.megaecuador.com" local="132479382059443345" remote="132483670200000000" Dst="0" />
<file name="Log.php" server="ftp.megaecuador.com" local="132479382059538504" remote="132483670200000000" Dst="0" />
<file name="Model.php" server="ftp.megaecuador.com" local="132479382059628254" remote="132483670200000000" Dst="0" />
<file name="Output.php" server="ftp.megaecuador.com" local="132479382059723263" remote="132483670200000000" Dst="0" />
<file name="Router.php" server="ftp.megaecuador.com" local="132479382059823002" remote="132483670200000000" Dst="0" />
<file name="Security.php" server="ftp.megaecuador.com" local="132479382059913094" remote="132483670200000000" Dst="0" />
<file name="URI.php" server="ftp.megaecuador.com" local="132479382060002515" remote="132483670200000000" Dst="0" />
<file name="Utf8.php" server="ftp.megaecuador.com" local="132479382060092275" remote="132483670200000000" Dst="0" />
</dwsync>