<?xml version="1.0" encoding="utf-8" ?>
<dwsync>
<file name="index.html" server="ftp.megaecuador.com" local="132479382066474696" remote="132483670200000000" Dst="0" />
<file name="pdo_4d_driver.php" server="ftp.megaecuador.com" local="132479382066564126" remote="132483670200000000" Dst="0" />
<file name="pdo_4d_forge.php" server="ftp.megaecuador.com" local="132479382066653874" remote="132483670200000000" Dst="0" />
<file name="pdo_cubrid_driver.php" server="ftp.megaecuador.com" local="132479382066743635" remote="132483670200000000" Dst="0" />
<file name="pdo_cubrid_forge.php" server="ftp.megaecuador.com" local="132479382066843637" remote="132483670200000000" Dst="0" />
<file name="pdo_dblib_forge.php" server="ftp.megaecuador.com" local="132479382067033111" remote="132483670200000000" Dst="0" />
<file name="pdo_dblib_driver.php" server="ftp.megaecuador.com" local="132479382066933132" remote="132483670200000000" Dst="0" />
<file name="pdo_firebird_driver.php" server="ftp.megaecuador.com" local="132479382067123150" remote="132483670200000000" Dst="0" />
<file name="pdo_firebird_forge.php" server="ftp.megaecuador.com" local="132479382067212664" remote="132483670200000000" Dst="0" />
<file name="pdo_ibm_driver.php" server="ftp.megaecuador.com" local="132479382067302421" remote="132483670200000000" Dst="0" />
<file name="pdo_ibm_forge.php" server="ftp.megaecuador.com" local="132479382067402412" remote="132483670200000000" Dst="0" />
<file name="pdo_informix_driver.php" server="ftp.megaecuador.com" local="132479382067501883" remote="132483670200000000" Dst="0" />
<file name="pdo_informix_forge.php" server="ftp.megaecuador.com" local="132479382067591984" remote="132483670200000000" Dst="0" />
<file name="pdo_mysql_driver.php" server="ftp.megaecuador.com" local="132479382067691378" remote="132483670200000000" Dst="0" />
<file name="pdo_mysql_forge.php" server="ftp.megaecuador.com" local="132479382067781453" remote="132483670200000000" Dst="0" />
<file name="pdo_oci_driver.php" server="ftp.megaecuador.com" local="132479382067870901" remote="132483670200000000" Dst="0" />
<file name="pdo_oci_forge.php" server="ftp.megaecuador.com" local="132479382067967427" remote="132483670200000000" Dst="0" />
<file name="pdo_odbc_driver.php" server="ftp.megaecuador.com" local="132479382068067156" remote="132483670200000000" Dst="0" />
<file name="pdo_odbc_forge.php" server="ftp.megaecuador.com" local="132479382068156918" remote="132483670200000000" Dst="0" />
<file name="pdo_pgsql_driver.php" server="ftp.megaecuador.com" local="132479382068256655" remote="132483670200000000" Dst="0" />
<file name="pdo_pgsql_forge.php" server="ftp.megaecuador.com" local="132479382068346411" remote="132483670200000000" Dst="0" />
<file name="pdo_sqlite_driver.php" server="ftp.megaecuador.com" local="132479382068436170" remote="132483670200000000" Dst="0" />
<file name="pdo_sqlite_forge.php" server="ftp.megaecuador.com" local="132479382068525934" remote="132483670200000000" Dst="0" />
<file name="pdo_sqlsrv_driver.php" server="ftp.megaecuador.com" local="132479382068617831" remote="132483670200000000" Dst="0" />
<file name="pdo_sqlsrv_forge.php" server="ftp.megaecuador.com" local="132479382068707812" remote="132483670200000000" Dst="0" />
</dwsync>